<?xml version="1.0" encoding="UTF-8"?>
<!DOCTYPE mapper
PUBLIC "-//mybatis.org//DTD Mapper 3.0//EN"
"http://mybatis.org/dtd/mybats-3-mapper.dtd">

<mapper namespace="kr.co.login.MemberDAO">
	<select id="useridCheck" resultType="int">
		select count(*) from member where userid=#{param1}
	</select>
	<insert id="memberOk">
		insert into member (userid,name,pwd,email,phone,writeday)
		values (#{userid},#{name},#{pwd},#{email},#{phone},now())
	</insert>
	<select id="loginOk" resultType="boolean">
		select count(*) from member where userid=#{userid} and pwd=#{pwd}
	</select>
	<select id="getName" resultType="string">
		select name from member where userid=#{param1}
	</select>
	<select id="memberView" resultType="kr.co.login.MemberDTO">
		select * from member where userid=#{userid}
	</select>
	<update id="phoneOk">
		update member set phone=#{param1} where userid=#{param2}
	</update>
	<select id="pwdChk" resultType="string">
		select pwd from member where userid=#{param1}
	</select>
	<update id="pwdOk">
		update member set pwd=#{param1} where userid=#{param2}
	</update>
	<select id="useridSearch" resultType="String">
		select userid from member where name=#{param1} and phone=#{param2} 
	</select>
	<select id="pwdSearch" resultType="boolean">
		select count(*) from member where userid=#{userid} and name=#{name} and phone=#{phone}
	</select>
	<update id="pwdchg">
		update member set pwd=#{param1} where userid=#{param2}
	</update>
	
</mapper>