<?xml version="1.0" encoding="UTF-8"?>
<decorators defaultdir="/WEB-INF/views/common">
 <!-- 제외할 패턴 -->
 <excludes>
  <pattern>/non</pattern>
  <pattern>/member/usForm</pattern>
  <pattern>/member/psForm</pattern>
  <pattern>/member/useridSearch</pattern>
  
 </excludes>
 <!-- 기본 패턴 -->
 <decorator name="default" page="default.jsp">
  <pattern>*</pattern> 
 </decorator>
	<decorator name="default2" page="default2.jsp">
		<pattern>/adminRoom/*</pattern> 
	</decorator>
 
 <!-- 모바일 패턴 -->
 <decorator name="mobileDefault" page="mobileDefault.jsp">
  <pattern>/m.*.do</pattern> 
 </decorator>
</decorators>

 
