<?xml version="1.0" encoding="UTF-8"?>
<!DOCTYPE mapper
 PUBLIC "-//mybatis.org//DTD Mapper 3.0//EN"
  "http://mybatis.org/dtd/mybats-3-mapper.dtd">
  
<mapper namespace="kr.co.batis.BoardDAO">
	<select id="list" resultType="kr.co.batis.BoardDTO">
		select * from pageboard order by id desc limit #{param1},#{param2}
	</select>
	<select id="getChong" resultType="int">
		select ceil(count(*)/#{param1}) from pageboard
	</select>
	<update id="readnum">
		update pageboard set readnum=readnum+1 where id=#{param1}
	</update>
	<select id="content" resultType="kr.co.batis.BoardDTO">
		select * from pageboard where id=#{param1}
	</select>
	<select id="update" resultType="kr.co.batis.BoardDTO">
		select * from pageboard where id=#{param1}
	</select>
	<select id="isPwd" resultType="boolean">
		select count(*) from pageboard where id=#{param1} and pwd=#{param2}
	</select>
	<delete id="delete">
		delete from pageboard where id=#{param1}
	</delete>
	<update id="updateOk">
		update pageboard set title=#{title}, name=#{name}, content=#{content}
		where id=#{id}
	</update>
</mapper>