<?xml version="1.0" encoding="UTF-8"?>
<beans:beans xmlns="http://www.springframework.org/schema/mvc"
	xmlns:xsi="http://www.w3.org/2001/XMLSchema-instance"
	xmlns:beans="http://www.springframework.org/schema/beans"
	xmlns:context="http://www.springframework.org/schema/context"
	xmlns:mybatis-spring="http://mybatis.org/schema/mybatis-spring"
	xsi:schemaLocation="http://www.springframework.org/schema/mvc https://www.springframework.org/schema/mvc/spring-mvc.xsd
		http://www.springframework.org/schema/beans https://www.springframework.org/schema/beans/spring-beans.xsd
		http://www.springframework.org/schema/context https://www.springframework.org/schema/context/spring-context.xsd
		http://mybatis.org/schema/mybatis-spring http://mybatis.org/schema/mybatis-spring-1.2.xsd
		">

	<!-- DispatcherServlet Context: defines this servlet's request-processing infrastructure -->
	
	<!-- Enables the Spring MVC @Controller programming model -->
	<annotation-driven />

	<!-- Handles HTTP GET requests for /resources/** by efficiently serving up static resources in the ${webappRoot}/resources directory -->
	<resources mapping="/resources/**" location="/resources/" />

	<!-- Resolves views selected for rendering by @Controllers to .jsp resources in the /WEB-INF/views directory -->
	<beans:bean class="org.springframework.web.servlet.view.InternalResourceViewResolver">
		<beans:property name="prefix" value="/WEB-INF/views/" />
		<beans:property name="suffix" value=".jsp" />
	</beans:bean>
	
	<context:component-scan base-package="kr.co.sqlTest" />
	
		<beans:bean name="dataSource" class="org.springframework.jdbc.datasource.DriverManagerDataSource">
		<beans:property name="driverClassName" value="com.mysql.jdbc.Driver" />
		<beans:property name="url" value="jdbc:mysql://localhost:3306/sqlTest" />
		<beans:property name="username" value="root" />
		<beans:property name="password" value="1234" />
	</beans:bean>
	
	<beans:bean name="sqlSessionFactory" class="org.mybatis.spring.SqlSessionFactoryBean">
	   <beans:property name="dataSource" ref="dataSource"></beans:property>
	</beans:bean>
	<beans:bean name="sqlSession" class="org.mybatis.spring.SqlSessionTemplate">
	    <beans:constructor-arg ref="sqlSessionFactory"></beans:constructor-arg>
	</beans:bean>
	
	<mybatis-spring:scan base-package="kr.co.sqlTest"/> <!-- 현재 프로젝트명 -->
	
</beans:beans>
