<?xml version="1.0" encoding="UTF-8"?>
<!DOCTYPE mapper
PUBLIC "-//mybatis.org//DTD Mapper 3.0//EN"
"http://mybatis.org/dtd/mybats-3-mapper.dtd">
<mapper namespace="kr.co.pension.dao.AdminDAO">
	<select id="list" resultType="kr.co.pension.dto.RoomDTO">
		select * from room order by price asc
	</select>
	<insert id="writeOk">
		insert into room (title,min,max,content,roomimg,price,writeday)
		values (#{title},#{min},#{max},#{content},#{roomimg},#{price},now())
	</insert>
	<select id="getInquirys" resultType="kr.co.pension.dto.InquiryDTO">
		select * from inquiry
		order by id desc
	</select>
	<update id="inquiryOk">
		update inquiry set answer=#{answer},state=1
		where id=#{id}
	</update>
	<select id="memberList" resultType="HashMap">
		select * from member
		where userid != 'admin'
	</select>
	<select id="reserveList" resultType="kr.co.pension.dto.ReserveDTO">
		select * from reserve order by id desc
	</select>
	<update id="cancelRe">
		update reserve set state=#{param1}
		where id=#{param2}
	</update>
</mapper>