<?xml version="1.0" encoding="UTF-8"?>
<!DOCTYPE mapper
PUBLIC "-//mybatis.org//DTD Mapper 3.0//EN"
"http://mybatis.org/dtd/mybats-3-mapper.dtd">

<mapper namespace="kr.co.pension.dao.BoardDAO">
	<select id="list" resultType="kr.co.pension.dto.BoardDTO">
		select * from board order by id desc
	</select>
	<insert id="writeOk">
		insert into board
		(userid, title, content, writeday)
		values (#{userid}, #{title},#{content},now())
	</insert>
	<update id="readnum">
		update board set readnum=readnum+1 where id=#{param1}
	</update>
	<select id="content" resultType="kr.co.pension.dto.BoardDTO">
		select * from board where id=#{param1}
	</select>
	<update id="updateOk">
		update board set title=#{title}, content=#{content} where id=#{id}
	</update>
	<delete id="delete">
		delete from board where id=#{param1} and userid=#{param2}
	</delete>
</mapper>