<?xml version="1.0" encoding="UTF-8"?>
<!DOCTYPE mapper
PUBLIC "-//mybatis.org//DTD Mapper 3.0//EN"
"http://mybatis.org/dtd/mybats-3-mapper.dtd">
<mapper namespace="kr.co.pension.dao.RoomDAO">
	<select id="list" resultType="kr.co.pension.dto.RoomDTO">
		select * from room order by price desc
	</select>
	<select id="content" resultType="kr.co.pension.dto.RoomDTO">
		select * from room where id=#{param1}
	</select>
	<delete id="delete">
		delete from room where id=#{param1}
	</delete>
	<select id="getRoomimg" resultType="string">
		select roomimg from room where id=#{param1}
	</select>
	<update id="updateOk">
		update room set title=#{title}, content=#{content},min=#{min},max=#{max},price=#{price},roomimg=#{roomimg} where id=#{id}
	</update>
</mapper>