<?xml version="1.0" encoding="UTF-8"?>
<!DOCTYPE mapper
PUBLIC "-//mybatis.org//DTD Mapper 3.0//EN"
"http://mybatis.org/dtd/mybats-3-mapper.dtd">

<mapper namespace="kr.co.pension.dao.TourDAO">
	<select id="tlist" resultType="kr.co.pension.dto.TourDTO">
		select * from tour order by id desc
	</select>
	<insert id="writeOk">
		insert into tour (title,content,userid,tourimg,writeday)
		values (#{title},#{content},#{userid},#{tourimg},now())
	</insert>
	<update id="readnum">
		update tour set readnum=readnum+1 where id=#{param1}
	</update>
	<select id="content" resultType="kr.co.pension.dto.TourDTO">
		select * from tour where id=#{param1}
	</select>
	<select id="userchk" resultType="boolean">
		select count(*) from tour where userid=#{param1} and id=#{param2}
	</select>
	<delete id="delete">
		delete from tour where id=#{param1}
	</delete>
</mapper>